sample_name,date,ct,patient_index,donor_pairs,recip_pairs,family
CoV_001,3/3/20,23.9,,[],[],
CoV_002,2/26/20,27.6,,[],[],
CoV_003,2/26/20,19.2,3.0,"[0, 1]",[],3
CoV_004,3/3/20,21.5,,[],[],
CoV_005,3/6/20,21.7,,[],[],
CoV_006,3/10/20,25.6,,[],[],
CoV_007,3/13/20,25.5,,[],[],
CoV_008,3/10/20,34.9,,[],[],
CoV_009,3/14/20,25.8,,[],[],
CoV_010,3/15/20,18.9,,[],[],
CoV_011,3/23/20,15.1,,[],[],
CoV_012,3/10/20,25.9,,[],[],
CoV_013,3/11/20,19.8,,[],[],
CoV_014,3/13/20,17.1,,[],[],
CoV_015,3/13/20,23.6,,[],[],
CoV_016,3/16/20,20.8,,[],[],
CoV_017,3/16/20,23.0,,[],[],
CoV_018,3/19/20,22.7,,[],[],
CoV_019,3/19/20,33.8,,[],[],
CoV_020,3/22/20,31.3,,[],[],
CoV_021,3/24/20,27.6,,[],[],
CoV_022,3/9/20,36.14,,[],[],
CoV_023,3/9/20,21.41,,[],[],
CoV_024,3/9/20,31.48,,[],[],
CoV_025,3/9/20,24.24,,[],[],
CoV_026,3/19/20,27.65,,[],[],
CoV_027,3/9/20,26.59,,[],[],
CoV_028,3/9/20,30.23,,[],[],
CoV_029,3/9/20,34.16,,[],[],
CoV_030,3/9/20,30.14,,[],[],
CoV_031,3/9/20,28.31,,[],[],
CoV_032,3/12/20,27.1,,[],[],
CoV_033,3/12/20,23.03,,[],[],
CoV_034,3/10/20,26.82,,[],[],
CoV_035,3/7/20,31.67,,[],[],
CoV_036,3/9/20,28.39,,[],[],
CoV_037,3/9/20,32.85,,[],[],
CoV_038,3/9/20,18.17,,[],[],
CoV_039,3/10/20,23.26,,[],[],
CoV_040,3/13/20,35.05,,[],[],
CoV_041,3/5/20,20.22,11.0,[],[],
CoV_042,3/9/20,29.76,,[],[],
CoV_043,3/9/20,28.56,,[],[],
CoV_044,2/28/20,30.78,,[],[],
CoV_045,2/24/20,26.9,1.0,[],[],
CoV_046,3/25/20,,26.0,[],[],
CoV_047,3/25/20,,,[],[],
CoV_048,3/25/20,,,[],[],
CoV_049,4/6/20,,,[],[],
CoV_050,3/26/20,,,[],[],
CoV_051,3/30/20,,,[],[],
CoV_052,3/30/20,,,[],[],
CoV_053,3/30/20,,,[],[],
CoV_054,3/27/20,,,[],[],
CoV_055,3/27/20,,,[],[],
CoV_056,3/30/20,,,[],[],
CoV_057,3/30/20,,26.0,[],[],
CoV_058,4/3/20,,29.0,[],[],
CoV_059,4/3/20,,,[],[],
CoV_060,4/2/20,,,[],[],
CoV_061,4/6/20,,,[],[],
CoV_062,3/23/20,,,[],[],
CoV_063,3/25/20,,,[],[],
CoV_064,4/6/20,,,[],[],
CoV_065,4/6/20,,,[],[],
CoV_066,4/6/20,,,[],[],
CoV_067,4/6/20,,31.0,[],[],
CoV_068,3/12/20,,,[],[],
CoV_069,3/17/20,,,[],[],
CoV_070,3/11/20,,,[],[],
CoV_071,3/11/20,,11.0,[],[],
CoV_072,3/11/20,,,[],[],
CoV_073,3/11/20,,,[],[],
CoV_074,3/17/20,,,[],[],
CoV_075,3/18/20,,,[],[],
CoV_076,3/17/20,,,[],[],
CoV_077,3/17/20,,,[],[],
CoV_078,3/24/20,,,[],[],
CoV_079,3/24/20,,,[],[],
CoV_080,3/24/20,,,[],[],
CoV_081,3/24/20,,,[],[],
CoV_082,3/24/20,,,[],[],
CoV_083,3/24/20,,,[],[],
CoV_084,3/24/20,,,[],[],
CoV_085,3/24/20,,,[],[],
CoV_086,3/24/20,,,[],[],
CoV_087,3/24/20,,,[],[],
CoV_088,3/24/20,,,[],[],
CoV_089,3/24/20,,,[],[],
CoV_090,3/25/20,,,[],[],
CoV_091,3/25/20,,,[],[],
CoV_092,3/23/20,,,[],[],
CoV_093,3/23/20,,,[],[],
CoV_094,3/23/20,,,[],[],
CoV_095,3/23/20,,,[],[],
CoV_096,3/23/20,,16.0,[],[],
CoV_097,3/23/20,,19.0,[],[],
CoV_098,3/20/20,,,[],[],
CoV_099,3/20/20,,,[],[],
CoV_100,3/20/20,,,[],[],
CoV_101,3/20/20,,,[],[],
CoV_102,3/19/20,,,[],[],
CoV_103,3/19/20,,,[],[],
CoV_104,3/19/20,,,[],[],
CoV_105,3/19/20,,,[],[],
CoV_106,3/18/20,,,[],[],
CoV_107,3/18/20,,,[],[],
CoV_108,3/13/20,,22.0,[],[],
CoV_109,3/12/20,,,[],[],
CoV_110,3/11/20,,,[],[],
CoV_111,3/12/20,,,[],[],
CoV_112,3/17/20,,,[],[],
CoV_113,3/18/20,,15.0,[],[],
CoV_114,3/18/20,,22.0,[],[],
CoV_115,3/18/20,,,[],[],
CoV_116,3/10/20,25.58,,[],[],
CoV_117,3/13/20,19.14,,[],[],
CoV_118,3/11/20,24.51,,[],[],
CoV_119,3/11/20,33.27,,[],[],
CoV_120,3/15/20,34.36,,[],[],
CoV_121,3/11/20,26.05,,[],[],
CoV_122,3/11/20,37.98,,[],[],
CoV_123,3/11/20,30.99,,[],[],
CoV_124,3/11/20,26.58,,[],[],
CoV_125,3/11/20,21.05,,[],[],
CoV_126,3/11/20,32.0,,[],[],
CoV_127,3/11/20,21.54,,[],[],
CoV_128,3/11/20,21.94,,[],[],
CoV_129,3/13/20,26.64,,[],[],
CoV_130,3/13/20,29.13,,[],[],
CoV_131,3/13/20,36.29,,[],[],
CoV_132,3/13/20,27.96,,[],[],
CoV_133,3/13/20,23.42,,[],[],
CoV_134,3/13/20,24.49,,[],[],
CoV_135,3/13/20,24.04,,[],[],
CoV_136,3/13/20,24.61,,[],[],
CoV_137,3/13/20,26.1,,[],[],
CoV_138,3/13/20,21.08,,[],[],
CoV_139,3/13/20,23.73,,[],[],
CoV_140,3/13/20,18.63,,[],[],
CoV_141,2/25/20,36.2,,[],[],
CoV_142,43887,36.2,,[],[],
CoV_143,2/27/20,24.2,2.0,[],[0],3
CoV_144,2/27/20,,,[],[],
CoV_145,2/27/20,36.2,,[],[],
CoV_146,2/28/20,16.8,4.0,"[2, 3, 4, 5, 6, 7]",[1],5
CoV_147,2/28/20,34.8,5.0,[],[2],5
CoV_148,3/2/20,20.2,,[],[],
CoV_149,3/3/20,18.7,,[],[],
CoV_150,3/3/20,24.9,,[10],[6],
CoV_151,3/3/20,36.6,,[],[],
CoV_152,43893,26.6,,[],[],
CoV_153,3/3/20,28.6,1.0,[],[],
CoV_154,3/3/20,34.8,,[],[],
CoV_155,3/3/20,21.1,,[],[],
CoV_156,3/3/20,28.5,8.0,[],[],
CoV_157,3/4/20,21.4,6.0,[],[4],5
CoV_158,3/4/20,23.9,4.0,[],[],
CoV_159,3/4/20,21.7,9.0,"[8, 9]",[5],
CoV_160,3/4/20,21.5,5.0,[],[],
CoV_161,3/5/20,21.55,,[],[11],
CoV_162,3/5/20,19.92,,[11],[10],
CoV_163,3/6/20,,8.0,[],[],
CoV_164,3/6/20,,,[],[],
CoV_165,3/6/20,,,[],[],
CoV_166,3/6/20,,12.0,[],[12],8
CoV_167,3/6/20,,,[],[],
CoV_168,3/7/20,24.78,,[],[8],11
CoV_169,3/7/20,18.86,,[],[9],11
CoV_170,3/7/20,33.04,13.0,[],[],
CoV_171,3/7/20,20.11,,[17],[15],6
CoV_172,3/7/20,28.58,7.0,[],[3],5
CoV_173,3/8/20,35.8,,[],[],
CoV_174,3/8/20,35.56,,[],[],
CoV_175,3/8/20,26.87,,[],[20],1
CoV_176,3/8/20,18.79,14.0,[],[14],1
CoV_177,3/8/20,28.33,,[],[19],1
CoV_178,3/8/20,34.39,2.0,[],[],
CoV_179,3/8/20,36.19,3.0,[],[],
CoV_180,3/9/20,20.44,,[18],[17],6
CoV_181,3/9/20,25.49,5.0,[],[],
CoV_182,3/9/20,28.75,6.0,[],[],
CoV_183,3/10/20,19.4,,[],[33],
CoV_184,3/11/20,24.7,,[],[],
CoV_185,3/11/20,31.9,9.0,[],[],
CoV_186,3/11/20,,8.0,[],[],
CoV_187,3/12/20,34.8,,[32],[22],
CoV_188,3/13/20,19.6,,[],[],
CoV_189,3/13/20,16.9,,[],[],
CoV_190,3/13/20,26.9,7.0,[],[],
CoV_191,3/13/20,27.85,,[],[],
CoV_192,3/13/20,23.6,,[],[],
CoV_193,3/14/20,24.2,,[],[36],9
CoV_194,3/14/20,18.1,,"[36, 37, 38]",[],9
CoV_195,3/14/20,22.7,,[],[37],9
CoV_196,3/14/20,24.5,,[],[38],9
CoV_197,3/14/20,30.9,,[],[18],6
CoV_198,3/14/20,22.2,,[34],[],2
CoV_199,3/15/20,27.1,,[],[],
CoV_200,3/15/20,27.9,5.0,[],[],
CoV_201,3/15/20,24.1,,[],[],
CoV_202,3/15/20,39.0,,[],[],
CoV_203,43905,34.9,,[],[],
CoV_204,3/15/20,23.2,,[],[],
CoV_205,3/15/20,35.9,,[],[],
CoV_206,3/15/20,19.0,,[],[],
CoV_207,3/15/20,30.8,,[],[],
CoV_208,3/15/20,38.0,,[],[],
CoV_209,3/16/20,23.6,,[],[],
CoV_210,3/16/20,23.9,,[],[],
CoV_211,3/16/20,34.0,,[],[],
CoV_212,3/16/20,17.9,18.0,[],[],
CoV_213,3/16/20,29.9,7.0,[],[],
CoV_214,3/16/20,35.6,,[],[],
CoV_215,3/16/20,36.2,,[],[],
CoV_216,3/16/20,20.68,,[],[],
CoV_217,3/16/20,15.59,,[31],[30],7
CoV_218,3/16/20,14.69,,[],[28],7
CoV_219,3/16/20,16.33,,[],[29],7
CoV_220,3/16/20,27.59,,[],[],
CoV_221,3/16/20,18.99,17.0,[],[],
CoV_222,3/17/20,24.7,,[],[],
CoV_223,3/17/20,28.5,,[],[],
CoV_224,3/17/20,23.5,,[],[],
CoV_225,3/17/20,33.77,6.0,[],[],
CoV_226,3/17/20,25.1,,[],[],
CoV_227,3/18/20,30.6,7.0,[],[],
CoV_228,3/18/20,28.9,,[],[],
CoV_229,3/18/20,20.0,,[],[],
CoV_230,3/18/20,16.6,,[],[34],2
CoV_231,3/18/20,36.0,,[],[],
CoV_232,3/18/20,26.7,,[],[],
CoV_233,3/18/20,19.5,18.0,[],[],
CoV_234,3/18/20,38.0,,[],[],
CoV_235,3/19/20,26.1,,[],[],
CoV_236,3/19/20,37.9,,[],[],
CoV_237,3/19/20,32.2,,[],[],
CoV_238,3/19/20,25.7,,[],[],
CoV_239,3/19/20,25.4,,[],[],
CoV_240,3/20/20,31.7,18.0,[],[],
CoV_241,3/20/20,25.7,7.0,[],[],
CoV_242,3/20/20,27.0,17.0,[],[],
CoV_243,3/20/20,19.2,17.0,[],[],
CoV_244,3/20/20,30.6,13.0,[],[],
CoV_245,3/20/20,23.3,,[],[],
CoV_246,3/21/20,21.03,,[],[],
CoV_247,3/21/20,20.67,,[],[],
CoV_248,3/21/20,30.52,,[],[],
CoV_249,3/21/20,17.73,,[],[],
CoV_250,3/21/20,24.8,,[],[],
CoV_251,3/21/20,30.93,25.0,[],[],
CoV_252,3/21/20,30.17,,[],[],
CoV_253,43911,36.46,,[],[],
CoV_254,3/22/20,19.2,,[],[],
CoV_255,3/22/20,29.1,,[],[],
CoV_256,3/22/20,19.7,,[],[31],7
CoV_257,3/22/20,24.7,,[],[],
CoV_258,3/22/20,22.8,,[],[],
CoV_259,3/23/20,25.4,23.0,[],[],
CoV_260,3/23/20,28.6,17.0,[],[],
CoV_261,3/23/20,20.4,17.0,[],[],
CoV_262,3/23/20,32.8,25.0,[],[],
CoV_263,3/23/20,34.6,18.0,[],[],
CoV_264,3/23/20,22.1,,[],[],
CoV_265,3/23/20,34.7,25.0,[],[],
CoV_266,3/24/20,31.8,,[],[],
CoV_267,3/24/20,29.8,,[],[],
CoV_268,3/24/20,27.6,25.0,[],[],
CoV_269,3/24/20,28.9,24.0,[],[],
CoV_270,3/24/20,34.9,,[],[],
CoV_271,3/24/20,31.0,,[],[35],4
CoV_272,3/24/20,19.9,,[],[],
CoV_273,3/24/20,34.2,,[35],[],4
CoV_274,3/24/20,18.8,,[],[],
CoV_275,3/24/20,28.8,25.0,[],[],
CoV_276,3/25/20,26.0,,[],[],
CoV_277,3/25/20,27.4,7.0,[],[],
CoV_278,3/25/20,21.0,17.0,[],[],
CoV_279,3/25/20,26.7,18.0,[],[],
CoV_280,3/25/20,22.9,24.0,[],[],
CoV_281,3/25/20,19.5,24.0,[],[],
CoV_282,3/25/20,27.7,,[],[],
CoV_283,3/25/20,19.3,,[],[],
CoV_284,3/26/20,35.59,,[],[],
CoV_285,3/26/20,25.96,,[],[],
CoV_286,3/26/20,28.2,,[],[],
CoV_287,3/26/20,33.9,,[],[],
CoV_288,3/26/20,29.77,25.0,[],[],
CoV_289,3/27/20,40.0,,[],[],
CoV_290,3/27/20,30.7,,[],[],
CoV_291,3/27/20,24.8,,[],[],
CoV_292,3/27/20,31.2,,[],[],
CoV_293,3/27/20,25.1,,[],[],
CoV_294,3/27/20,32.7,,[],[],
CoV_295,3/27/20,28.82,25.0,[],[],
CoV_296,3/27/20,22.09,17.0,[],[],
CoV_297,3/27/20,31.04,,[],[],
CoV_298,3/27/20,30.79,24.0,[],[],
CoV_299,3/27/20,32.21,27.0,[],[],
CoV_300,3/27/20,30.15,25.0,[],[],
CoV_301,3/28/20,33.5,,[],[],
CoV_302,3/28/20,30.9,,[],[],
CoV_303,3/29/20,31.4,,[],[],
CoV_304,3/29/20,26.56,,[],[],
CoV_305,3/29/20,34.81,,[],[],
CoV_306,3/30/20,,,[],[],
CoV_307,3/30/20,25.3,,[],[],
CoV_308,3/30/20,23.9,,[],[],
CoV_309,3/30/20,38.0,,[],[],
CoV_310,3/30/20,34.55,,[],[],
CoV_311,3/30/20,21.8,17.0,[],[],
CoV_312,3/30/20,33.51,17.0,[],[],
CoV_313,3/30/20,23.24,24.0,[],[],
CoV_314,3/30/20,21.6,24.0,[],[],
CoV_315,3/30/20,27.74,18.0,[],[],
CoV_316,43920,30.3,,[],[],
CoV_317,3/30/20,31.0,25.0,[],[],
CoV_318,3/30/20,28.13,27.0,[],[],
CoV_319,3/30/20,22.6,27.0,[],[],
CoV_320,3/30/20,21.98,,[],[],
CoV_321,3/31/20,,,[],[],
CoV_322,3/31/20,35.5,,[],[],
CoV_323,4/1/20,30.8,23.0,[],[],
CoV_324,4/1/20,24.3,,[],[],
CoV_325,4/1/20,35.7,,[],[],
CoV_326,4/1/20,26.9,,[],[],
CoV_327,4/1/20,34.5,,[],[],
CoV_328,4/1/20,34.6,,[],[],
CoV_329,4/1/20,20.8,27.0,[],[],
CoV_330,4/1/20,32.5,24.0,[],[],
CoV_331,4/1/20,24.2,24.0,[],[],
CoV_332,43922,24.6,,[],[],
CoV_333,4/1/20,24.8,17.0,[],[],
CoV_334,4/2/20,36.9,,[],[],
CoV_335,4/2/20,34.57,,[],[],
CoV_336,4/2/20,34.02,,[],[],
CoV_337,4/3/20,19.2,,[],[],
CoV_338,4/3/20,34.0,,[],[],
CoV_339,4/3/20,33.4,,[],[],
CoV_340,4/3/20,30.9,17.0,[],[],
CoV_341,4/3/20,30.0,24.0,[],[],
CoV_342,4/3/20,25.6,18.0,[],[],
CoV_343,4/3/20,25.6,27.0,[],[],
CoV_344,4/3/20,23.0,27.0,[],[],
CoV_345,4/3/20,36.5,,[],[],
CoV_346,4/6/20,30.9,,[],[],
CoV_347,4/6/20,32.8,,[],[],
CoV_348,4/6/20,37.4,,[],[],
CoV_349,4/6/20,23.7,30.0,[],[],
CoV_350,4/6/20,32.4,30.0,[],[],
CoV_351,4/6/20,22.9,,[],[],
CoV_352,4/6/20,28.7,,[],[],
CoV_353,4/7/20,38.2,,[],[],
CoV_354,4/7/20,37.9,,[],[],
CoV_355,4/7/20,27.8,18.0,[],[],
CoV_356,4/7/20,36.5,,[],[],
CoV_357,3/19/20,26.1,,[],[],
CoV_358,43959,18.0,,[],[],
CoV_359,5/8/20,16.0,,[],[],
CoV_360,5/8/20,14.0,,[],[],
CoV_361,3/22/20,22.0,,[],[],
CoV_362,5/8/20,15.0,,[],[],
CoV_363,5/8/20,15.0,,[],[],
CoV_364,5/8/20,14.0,,[],[],
CoV_365,5/8/20,14.0,,[],[],
CoV_366,3/16/20,23.2,,[],[],
CoV_367,3/17/20,20.23,,[],[],
CoV_368,3/19/20,27.34,,[],[],
CoV_369,3/19/20,25.73,,[],[],
CoV_370,43909,33.94,,[],[],
CoV_371,3/25/20,26.01,,[],[],
CoV_372,3/26/20,,,[],[],
CoV_373,3/26/20,25.91,,[],[],
CoV_374,3/27/20,,,[],[],
CoV_375,3/28/20,32.2,,[],[],
CoV_376,3/28/20,29.87,,[],[],
CoV_377,3/30/20,,,[],[],
CoV_378,4/7/20,27.13,,[],[],
CoV_379,3/31/20,20.56,,[],[],
CoV_380,3/31/20,20.67,,[],[],
CoV_381,4/1/20,29.11,,[],[],
CoV_382,4/1/20,28.83,,[],[],
CoV_383,4/1/20,28.96,,[],[],
CoV_384,4/1/20,28.88,,[],[],
CoV_385,4/1/20,28.28,,[],[],
CoV_386,4/3/20,28.37,,[],[],
CoV_387,3/30/20,29.15,,[],[],
CoV_388,3/19/20,,,[],[],
CoV_389,2/28/20,40.0,,[],[],
CoV_390,3/8/20,27.74,,[],[],
CoV_391,3/10/20,33.98,,[],[],
CoV_392,3/19/20,32.3,,[],[],
CoV_393,3/21/20,28.1,,[],[],
CoV_394,3/26/20,33.7,,[],[],
CoV_395,43915,32.74,,[],[],
CoV_396,3/25/20,36.62,,[],[],
CoV_397,3/25/20,25.84,,[],[],
CoV_398,3/27/20,36.28,,[],[],
CoV_399,,,,[],[],
CoV_400,4/21/20,24.8,,[],[],
CoV_401,2/28/20,19.2,,[],[],
CoV_402,3/9/20,29.65,,[],[],
CoV_403,3/11/20,18.0,,[],[],
CoV_404,3/19/20,45.0,,[],[],
CoV_405,3/22/20,37.0,,[],[],
CoV_406,3/24/20,,,[],[],
CoV_407,3/25/20,34.08,,[],[],
CoV_408,3/25/20,31.61,,[],[],
CoV_409,3/26/20,23.53,,[],[],
CoV_410,3/27/20,39.37,,[],[],
CoV_411,3/9/20,39.121,,[],[],
CoV_412,4/21/20,33.18,,[],[],
CoV_413,3/5/20,25.04,,[],[],
CoV_414,3/9/20,25.45,,[],[],
CoV_415,3/13/20,,,[],[],
CoV_416,3/20/20,35.03,,[],[],
CoV_417,3/22/20,33.54,,[],[],
CoV_418,3/24/20,31.97,,[],[],
CoV_419,3/25/20,30.69,,[],[],
CoV_420,3/25/20,29.96,,[],[],
CoV_421,3/25/20,27.94,,[],[],
CoV_422,3/27/20,29.53,,[],[],
CoV_423,3/6/20,30.8,,[],[],
CoV_424,4/21/20,26.37,,[],[],
CoV_425,3/5/20,26.49,,[],[],
CoV_426,3/10/20,21.62,,[],[],
CoV_427,3/13/20,27.06,,[],[],
CoV_428,3/21/20,29.48,,[],[],
CoV_429,3/22/20,35.02,,[],[],
CoV_430,3/24/20,33.36,,[],[],
CoV_431,3/25/20,32.95,,[],[],
CoV_432,3/25/20,30.66,,[],[],
CoV_433,3/26/20,27.11,,[],[],
CoV_434,3/27/20,34.17,,[],[],
CoV_435,4/21/20,11.99,,[],[],
CoV_436,4/21/20,34.71,,[],[],
CoV_437,3/5/20,36.81,,[],[],
CoV_438,3/10/20,39.52,,[],[],
CoV_439,3/16/20,17.59,,[],[],
CoV_440,3/21/20,35.11,,[],[],
CoV_441,3/22/20,22.6,,[],[],
CoV_442,3/24/20,34.88,,[],[],
CoV_443,3/25/20,33.19,,[],[],
CoV_444,3/25/20,35.01,,[],[],
CoV_445,3/26/20,36.64,,[],[],
CoV_446,43917,34.36,,[],[],
CoV_447,4/21/20,21.67,,[],[],
CoV_448,4/21/20,30.87,,[],[],
CoV_449,3/5/20,31.28,,[],[],
CoV_450,43900,36.44,,[],[],
CoV_451,3/16/20,35.74,,[],[],
CoV_452,3/22/20,33.8,,[],[],
CoV_453,43912,34.77,,[],[],
CoV_454,3/25/20,29.21,,[],[],
CoV_455,3/25/20,31.27,,[],[],
CoV_456,3/25/20,34.75,,[],[],
CoV_457,3/27/20,36.32,,[],[],
CoV_458,4/5/20,24.59,,[],[],
CoV_459,4/21/20,21.96,,[],[],
CoV_460,3/6/20,22.68,,[],[],
CoV_461,3/7/20,22.73,,[],[],
CoV_462,3/10/20,34.8,,[],[],
CoV_463,3/16/20,34.7,,[],[],
CoV_464,3/21/20,35.09,,[],[],
CoV_465,3/22/20,35.32,,[],[],
CoV_466,3/25/20,31.45,,[],[],
CoV_467,3/25/20,33.86,,[],[],
CoV_468,3/25/20,25.84,,[],[],
CoV_469,3/27/20,38.01,,[],[],
CoV_470,4/5/20,35.64,,[],[],
CoV_471,4/21/20,21.0,,[],[],
CoV_472,3/6/20,21.64,,[],[],
CoV_473,3/7/20,25.11,,[],[],
CoV_474,3/10/20,31.27,,[],[],
CoV_475,3/16/20,34.94,,[],[],
CoV_476,3/21/20,34.66,,[],[],
CoV_477,3/23/20,32.82,,[],[],
CoV_478,3/25/20,32.73,,[],[],
CoV_479,3/25/20,32.27,,[],[],
CoV_480,3/25/20,29.61,,[],[],
CoV_481,3/27/20,25.03,,[],[],
CoV_482,4/5/20,35.55,,[],[],
CoV_483,4/21/20,18.17,,[],[],
CoV_484,3/6/20,19.58,,[],[],
CoV_514,3/27/20,25.77,,[],[],
CoV_515,3/28/20,30.71,16.0,[],[],
CoV_516,3/28/20,30.11,,[],[],
CoV_517,3/28/20,27.31,20.0,[],[],
CoV_518,3/30/20,37.08,,[],[],
CoV_519,3/30/20,19.57,,[],[],
CoV_520,3/31/20,31.37,28.0,[],[],
CoV_521,3/31/20,19.18,,[],[],
CoV_522,4/1/20,38.7,,[],[],
CoV_523,43922,30.1,,[],[],
CoV_524,4/1/20,31.96,,[],[],
CoV_525,4/2/20,33.23,,[],[],
CoV_526,4/2/20,33.19,,[],[],
CoV_527,4/2/20,28.91,,[],[],
CoV_528,4/3/20,18.23,,[],[],
CoV_529,4/3/20,42.8,,[],[],
CoV_530,4/3/20,31.74,,[],[],
CoV_531,4/4/20,35.45,,[],[],
CoV_532,4/5/20,26.6,28.0,[],[],
CoV_533,4/5/20,35.33,,[],[],
CoV_534,4/6/20,29.92,,[],[],
CoV_535,4/6/20,33.75,,[],[],
CoV_536,4/7/20,27.05,,[],[],
CoV_537,4/7/20,30.97,,[],[],
CoV_538,4/7/20,27.24,,[],[],
CoV_539,4/7/20,23.54,,[],[],
CoV_540,4/8/20,27.03,,[],[],
CoV_541,4/8/20,34.63,,[],[],
CoV_542,4/9/20,29.26,,[],[],
CoV_543,4/17/20,33.73,,[],[],
CoV_544,4/15/20,37.7,,[],[],
CoV_545,4/15/20,38.3,,[],[],
CoV_546,4/28/20,25.6,,[],[],
CoV_547,4/28/20,37.4,,[],[],
CoV_548,4/28/20,32.5,,[],[],
CoV_549,4/27/20,37.9,,[],[],
CoV_550,4/27/20,34.0,,[],[],
CoV_553,5/4/20,30.4,,[],[],
CoV_554,3/17/20,26.44,21.0,[],[],
CoV_555,3/16/20,25.22,15.0,[],[],
CoV_556,3/16/20,23.41,22.0,[],[],
CoV_557,3/16/20,16.63,19.0,[],[],
CoV_558,3/16/20,16.01,,[],[],
CoV_559,3/11/20,20.72,,[],[],
CoV_560,3/31/20,19.56,,[],[],
CoV_562,3/12/20,26.75,,[],[],
CoV_563,3/10/20,27.09,,[],[],
CoV_564,3/31/20,21.61,,[],[],
CoV_565,4/15/20,29.77,,[],[],
CoV_566,3/27/20,23.91,,[],[],
CoV_567,3/19/20,,,[],[],
CoV_568,3/19/20,,,[],[],
CoV_570,3/11/20,25.9,,[],[],
CoV_571,3/11/20,22.89,15.0,[],[],
CoV_572,3/27/20,29.96,,[],[],
CoV_573,3/30/20,26.32,,[],[],
CoV_574,43917,38.6,,[],[],
CoV_575,3/19/20,,,[],[],
CoV_576,4/1/20,20.98,,[],[],
CoV_577,3/16/20,,,[],[],
CoV_578,3/30/20,25.82,,[],[],
CoV_579,3/29/20,20.12,,[],[],
CoV_580,3/29/20,27.7,,[],[],
CoV_581,3/14/20,,,[],[],
CoV_620,43924,,21.0,[],[],
CoV_621,4/9/20,,,[],[],
CoV_622,4/9/20,,,[],[],
CoV_627,43931,,,[],[],
CoV_628,4/2/20,,29.0,[],[],
CoV_630,4/2/20,,,[],[],
CoV_631,4/2/20,,20.0,[],[],
CoV_635,4/6/20,,31.0,[],[],
CoV_637,4/3/20,,28.0,[],[],
CoV_639,5/7/20,,,[],[],
CoV_758,3/9/20,25.44,,[],[],
CoV_1056,3/4/20,19.5,10.0,"[12, 13, 14, 15, 16]",[7],8
CoV_1057,3/6/20,13.9,,"[19, 20, 21, 22]",[13],1
CoV_1058,3/8/20,17.2,,"[23, 24, 25]",[21],10
CoV_1059,3/11/20,16.8,,"[26, 27]",[25],
CoV_1060,3/12/20,31.3,12.0,[],[],
CoV_1062,3/13/20,17.0,,"[28, 29, 30]",[26],
CoV_1063,3/13/20,28.3,,[],[23],10
CoV_1064,3/13/20,16.1,,[],[24],
CoV_1065,3/13/20,18.0,,[],[27],
CoV_1066,3/15/20,33.3,10.0,[],[],
CoV_1067,3/15/20,26.7,,[33],[16],
CoV_1068,3/16/20,17.9,,[],[32],
CoV_1069,3/20/20,34.5,14.0,[],[],
